Time,User,Trial,Repetition,TrialType,LightType,SoundType,gazeDirectionL.x,gazeDirectionL.y,gazeDirectionL.z,pupilPosL.x,pupilPosL.y,pupilsDiameterL,pupilsDiameterLmm,eyeOpennessL,gazeDirectionR.x,gazeDirectionR.y,gazeDirectionR.z,pupilPosR.x,pupilPosR.y,pupilsDiameterR,pupilsDiameterRmm,eyeOpennessR,light,sound,computedBrightness
0.09072876,15021843,19,0,LightSound,Day,arousal,0.08280945,-0.1817169,0.9798431,0.07160306,0.1037303,1.841187,1.889877,1,0.09405518,-0.175293,0.980011,0.02535605,0.01709044,1.822403,1.809708,1,7,False,234
0.1907349,15021843,19,0,LightSound,Day,arousal,0.04829407,0.06063843,0.9969788,0.04779315,0.2381393,2.049454,1.97464,1,0.04832458,0.03507996,0.9981995,-0.01184386,0.151519,1.876343,1.863449,1,7,False,234
0.290741,15021843,19,0,LightSound,Day,arousal,0.05230713,0.06562805,0.99646,0.04349995,0.2305026,1.985046,1.993439,1,0.04782104,0.03799438,0.9981232,-0.009823442,0.1507889,1.887283,1.885986,1,7,False,234
0.3907166,15021843,19,0,LightSound,Day,arousal,-0.01197815,0.1677704,0.9857483,0.005540133,0.2929415,2.068283,2.042526,1,-0.003585815,0.1537323,0.9880981,-0.05271548,0.2172005,1.91124,1.92453,1,7,False,234
0.4907227,15021843,19,0,LightSound,Day,arousal,-0.005355835,0.1639404,0.9864502,0.005975246,0.2852336,2.079971,2.082535,1,-0.006713867,0.1504669,0.9885864,-0.04644811,0.2085676,1.980728,1.98053,1,7,False,234
0.5907288,15021843,19,0,LightSound,Day,arousal,0.001937866,0.1615295,0.9868622,0.009966493,0.2813794,2.118332,2.140732,1,-0.002380371,0.1459503,0.9892731,-0.04245925,0.2072432,1.984711,1.989609,1,7,False,234
0.6907349,15021843,19,0,LightSound,Day,arousal,0.0006561279,0.1592255,0.9872284,0.01003206,0.2775753,2.151733,2.157455,1,-0.003723145,0.1517334,0.9884033,-0.04716307,0.2096462,1.988495,2.070099,1,7,False,233
0.790741,15021843,19,0,LightSound,Day,arousal,0.00189209,0.167923,0.9857941,0.0002914667,0.2821047,2.149857,2.163696,1,-0.01197815,0.1472473,0.9890137,-0.05300629,0.2075517,2.085007,2.013702,1,7,False,234
0.8907166,15021843,19,0,LightSound,Day,arousal,-0.003540039,0.168335,0.9857178,0.005040884,0.2855428,2.190277,2.210999,1,-0.009185791,0.1467133,0.9891205,-0.04487801,0.2118187,2.092346,2.081711,1,7,False,234
0.9907227,15021843,19,0,LightSound,Day,arousal,-0.1096497,-0.09204102,0.9896851,0.02461898,0.1362578,3.973511,3.639771,0.8340375,0,0,0,-0.04184502,0.1524162,-1,-1,0.8950696,7,False,233
1.090729,15021843,19,0,LightSound,Day,arousal,-0.02648926,0.1917114,0.9810791,-0.01601386,0.3036625,2.33371,2.32663,1,-0.03565979,0.1568451,0.986969,-0.05890948,0.2274263,2.159531,2.147644,1,7,False,234
1.190735,15021843,19,0,LightSound,Day,arousal,-0.02276611,0.1868134,0.9821167,-0.005923033,0.299872,2.39505,2.4039,1,-0.02586365,0.1482086,0.9886017,-0.04745013,0.2259067,2.27861,2.257965,1,7,False,234
1.290741,15021843,19,0,LightSound,Day,arousal,-0.02586365,0.1829987,0.9827576,-0.007224858,0.2991872,2.460266,2.486099,1,-0.03538513,0.1615295,0.9862213,-0.05572855,0.2236056,2.293839,2.289139,1,7,False,233
1.390717,15021843,19,0,LightSound,Day,arousal,-0.02822876,0.1754761,0.9840698,-0.01408494,0.2919628,2.506836,2.514755,1,-0.02839661,0.1599121,0.9867096,-0.05608839,0.220798,2.300507,2.34996,1,7,False,234
1.490723,15021843,19,0,LightSound,Day,arousal,-0.01933289,0.1722565,0.984848,-0.0075351,0.2923267,2.511292,2.511459,1,-0.0309906,0.152359,0.9878235,-0.05202591,0.2225543,2.29332,2.298996,1,7,False,234
1.590729,15021843,19,0,LightSound,Day,arousal,-0.02009583,0.1705933,0.9851227,-0.007553697,0.2902086,2.514526,2.493546,1,-0.03399658,0.1490784,0.9882355,-0.05300802,0.2186198,2.301956,2.297913,1,7,False,233
1.690735,15021843,19,0,LightSound,Day,arousal,-0.02452087,0.1643982,0.986084,-0.01082063,0.2846165,2.500443,2.498718,1,-0.03448486,0.1437531,0.9889984,-0.05508912,0.213832,2.276382,2.276581,1,7,False,234
1.790741,15021843,19,0,LightSound,Day,arousal,-0.01870728,0.1543732,0.9878235,-0.008158028,0.2808409,2.525925,2.527756,1,-0.02745056,0.1425934,0.9893951,-0.05153656,0.2122316,2.330811,2.33934,1,7,False,234
1.890717,15021843,19,0,LightSound,Day,arousal,-0.02522278,-0.203186,0.9788055,-0.004980326,0.08824277,2.507828,2.499496,1,-0.05967712,-0.1926575,0.9794464,-0.09132433,0.01337188,2.34819,2.389481,1,7,False,234
1.990723,15021843,19,0,LightSound,Day,arousal,-0.088974,-0.401535,0.911499,-0.02913713,-0.02015841,2.6353,2.635162,1,-0.06794739,-0.3816681,0.9217834,-0.09731466,-0.102409,2.438614,2.452042,1,7,False,234
2.090729,15021843,19,0,LightSound,Day,arousal,-0.0684967,-0.4030914,0.9125824,-0.0308283,-0.02265525,2.591782,2.564865,0.9857258,-0.06056213,-0.3912201,0.9182892,-0.08848661,-0.1038899,2.40741,2.39238,0.9395084,7,False,234
2.190735,15021843,19,0,LightSound,Day,arousal,-0.07667542,-0.3961487,0.9149628,-0.03471434,-0.02237058,2.522537,2.485367,0.9503304,-0.06274414,-0.3889313,0.9191132,-0.08848661,-0.1032542,2.377335,2.350372,0.9492269,7,False,234
2.290741,15021843,19,0,LightSound,Day,arousal,-0.09164429,-0.3861542,0.9178619,-0.04021955,-0.020702,2.32135,2.321304,1,-0.06863403,-0.3850403,0.9203339,-0.09244025,-0.1023821,2.219147,2.21077,1,7,False,234
2.390717,15021843,19,0,LightSound,Day,arousal,-0.09315491,-0.3834076,0.9188538,-0.04172623,-0.0193187,2.297119,2.261902,0.8884937,-0.06808472,-0.3847046,0.920517,-0.09281659,-0.1016949,2.172195,2.128433,0.8940482,7,False,234
2.490723,15021843,19,0,LightSound,Day,arousal,0.0110321,-0.461853,0.8868713,0.02681613,-0.06083798,2.21431,2.123215,0.8707739,0.03250122,-0.4312286,0.9016418,-0.03664458,-0.1425892,2.043274,2.105728,0.8081509,7,False,234
2.590729,15021843,19,0,LightSound,Day,arousal,0.1488037,-0.5474701,0.8234711,0.1096468,-0.1110224,2.347687,2.347916,0.6807048,0.1568604,-0.5200348,0.8396149,0.03980839,-0.1951784,2.230515,2.284073,0.6070714,7,False,234
2.690735,15021843,19,0,LightSound,Day,arousal,0.1508942,-0.5472107,0.8232727,0.1098239,-0.1112933,2.365768,2.368774,0.6190839,0.1572113,-0.528656,0.834137,0.04245698,-0.1977361,2.279892,2.285156,0.638438,7,False,234
2.790741,15021843,19,0,LightSound,Day,arousal,0.1594849,-0.5480499,0.8210907,0.1093419,-0.1113567,2.397293,2.397491,0.6187249,0.1551361,-0.5294342,0.8340302,0.04531026,-0.1971011,2.315765,2.315887,0.6633547,7,False,234
2.890717,15021843,19,0,LightSound,Day,arousal,0.1446533,-0.4959717,0.8562012,0.1051255,-0.07403958,1.860184,-1,0.4908574,0.1264954,-0.4732971,0.8717651,0.04503846,-0.1036229,1.712524,-1,0.5038726,7,False,234
2.990723,15021843,19,0,LightSound,Day,arousal,0,0,0,0.04664147,-0.2474914,-1,3.376221,0.1248738,0,0,0,0.004522085,-0.08427572,-1,-1,0.1782504,7,False,234
3.090729,15021843,19,0,LightSound,Day,arousal,0.1607666,-0.07929993,0.9837952,0.1084571,0.1749019,2.147598,2.207031,0.820667,0.1766663,-0.07797241,0.9811707,0.06389892,0.09896499,2.148346,2.165497,0.8994832,7,False,233
3.190735,15021843,19,0,LightSound,Day,arousal,0.1586151,-0.05978394,0.9855194,0.1001607,0.1731336,2.26944,2.230698,1,0.147934,-0.0740509,0.9862061,0.05672407,0.09267789,2.165161,2.170776,1,7,False,233
3.290741,15021843,19,0,LightSound,Day,arousal,0.158432,-0.06562805,0.9851837,0.1010448,0.1716754,2.318329,2.332199,1,0.1510773,-0.06829834,0.986145,0.05861938,0.09487963,2.207565,2.220215,1,7,False,234
3.390717,15021843,19,0,LightSound,Day,arousal,0.1599274,-0.06159973,0.985199,0.10346,0.1696075,2.335388,2.232483,1,0.142334,-0.07208252,0.9871826,0.05701017,0.09213287,2.196762,2.183563,1,7,False,234
3.490723,15021843,19,0,LightSound,Day,arousal,0.1565094,-0.06483459,0.9855347,0.1003033,0.1669677,2.263077,2.250351,1,0.1324158,-0.06819153,0.9888306,0.0515492,0.08926082,2.13063,2.116379,1,7,False,234
3.590729,15021843,19,0,LightSound,Day,arousal,0.1562042,-0.06417847,0.9856262,0.1000617,0.1660333,2.220276,2.204224,1,0.134491,-0.06684875,0.9886475,0.05421627,0.09016055,2.124298,2.120621,1,7,False,234
3.690735,15021843,19,0,LightSound,Day,arousal,0.1581879,-0.06222534,0.9854431,0.103189,0.1673955,2.200928,2.221283,1,0.1335907,-0.07026672,0.9885406,0.05397511,0.09047043,2.133621,2.158752,1,7,False,233
3.790741,15021843,19,0,LightSound,Day,arousal,0.1521606,-0.05279541,0.9869385,0.09580767,0.1710884,2.210587,2.215179,1,0.1274109,-0.07266235,0.9891815,0.04845238,0.09047043,2.108429,2.10849,1,7,False,233
3.890717,15021843,19,0,LightSound,Day,arousal,0.1509552,-0.05813599,0.9868164,0.09651363,0.1695414,2.209427,2.202545,1,0.1279602,-0.07142639,0.9891968,0.0492233,0.0904454,2.12825,2.129166,1,7,False,233
3.990723,15021843,19,0,LightSound,Day,arousal,0.147995,-0.05923462,0.9871979,0.09618545,0.1689755,2.215973,2.216003,1,0.1256866,-0.07196045,0.9894409,0.04947734,0.0904454,2.123947,2.128265,1,7,False,233
4.090729,15021843,19,0,LightSound,Day,arousal,0.1415253,-0.06254578,0.9879456,0.09112811,0.1671394,2.241684,2.258789,1,0.1213074,-0.07537842,0.9897461,0.04536009,0.08920938,2.141983,2.169724,1,7.703428,True,239
4.190735,15021843,19,0,LightSound,Day,arousal,0.1416626,-0.07066345,0.987381,0.09245622,0.1631206,2.282715,2.286316,1,0.1237946,-0.074646,0.9894867,0.04767573,0.08688796,2.187683,2.200516,1,7.658813,True,239
4.290741,15021843,19,0,LightSound,Day,arousal,0.1442566,-0.0721283,0.9868927,0.09192336,0.1642906,2.290237,2.295654,1,0.1200104,-0.07853699,0.9896545,0.04537296,0.08852035,2.229202,2.228241,1,7.568066,True,239
4.390717,15021843,19,0,LightSound,Day,arousal,0.1432495,-0.06497192,0.9875488,0.0891974,0.1678177,2.267944,2.254227,1,0.1155701,-0.07824707,0.9902039,0.04240763,0.08971387,2.20723,2.171967,1,7.52128,True,238
4.490723,15021843,19,0,LightSound,Day,arousal,0.1414337,-0.06680298,0.9876862,0.09027636,0.1674782,2.147232,2.108749,1,0.1161652,-0.07894897,0.9900818,0.04342914,0.08904219,2.085068,2.072647,1,7.426601,True,238
4.590729,15021843,19,0,LightSound,Day,arousal,0.1429291,-0.068573,0.9873505,0.09186327,0.166866,2.072708,2.063782,1,0.1176453,-0.08139038,0.9897003,0.04390275,0.08812034,2.011948,1.983139,1,7.376235,True,237
4.690735,15021843,19,0,LightSound,Day,arousal,0.06488037,-0.1187439,0.990799,0.05585217,0.152226,1.930679,2.005432,1,0.05004883,-0.1067505,0.9930115,0.009336948,0.07849622,1.90976,1.929626,1,7.281075,True,237
4.790741,15021843,19,0,LightSound,Day,arousal,0.06317139,-0.1108398,0.9918213,0.05552876,0.1532041,1.987686,2.053772,1,0.04696655,-0.108902,0.9929352,0.007046223,0.07840943,1.943359,1.97052,1,7.231848,True,236
4.890717,15021843,19,0,LightSound,Day,arousal,0,0,0,0.08721018,-0.02766418,-1,-1,0.0514265,0,0,0,-0.1242265,-0.105841,-1,-1,0.1299859,7.132747,True,235
4.990723,15021843,19,0,LightSound,Day,arousal,0.01268005,-0.02201843,0.9996643,0.004689574,0.2111582,2.206802,2.208481,0.9576699,-0.009216309,-0.03855896,0.9992065,-0.04104662,0.1356438,2.103104,2.133041,0.896327,7.082685,True,234
5.090729,15021843,19,0,LightSound,Day,arousal,0.0193634,-0.02232361,0.9995575,0.008614421,0.1977383,2.193726,2.196213,1,-0.006652832,-0.03108215,0.9994812,-0.03719544,0.1250449,2.165253,2.153168,1,6.98282,True,234
5.190735,15021843,19,0,LightSound,Day,arousal,0.02059937,-0.02146912,0.9995422,0.008310318,0.1961542,2.207367,2.241867,1,-0.004501343,-0.02798462,0.999588,-0.03797621,0.1229011,2.215942,2.183655,1,6.932649,True,232
5.290741,15021843,19,0,LightSound,Day,arousal,0.02267456,-0.02886963,0.9993134,0.00715816,0.1934406,2.296646,2.308777,1,-0.00541687,-0.03529358,0.9993591,-0.03685212,0.1214239,2.252121,2.259521,1,6.833134,True,232
5.390717,15021843,19,0,LightSound,Day,arousal,0.0218811,-0.02961731,0.9993134,0.01005888,0.193831,2.332153,2.327057,1,0.000869751,-0.02833557,0.999588,-0.03545356,0.1221088,2.257767,2.25737,1,6.783377,True,231
5.490723,15021843,19,0,LightSound,Day,arousal,0.02124023,-0.02984619,0.9993134,0.0115124,0.1909562,2.309128,2.326599,1,-0.006912231,-0.04606628,0.9989014,-0.03497565,0.1180165,2.246872,2.241364,1,6.685026,True,230
5.590729,15021843,19,0,LightSound,Day,arousal,0.0209198,-0.03230286,0.9992523,0.01302671,0.1884673,2.36264,2.366928,1,-0.007843018,-0.04914856,0.9987488,-0.03366196,0.1157995,2.244522,2.256714,1,6.636714,True,228
5.690735,15021843,19,0,LightSound,Day,arousal,0.0274353,-0.03926086,0.9988403,0.01464176,0.1862392,2.458817,2.476334,1,-0.005966187,-0.05366516,0.9985352,-0.03290057,0.1139832,2.347351,2.352814,1,6.540114,True,227
5.790741,15021843,19,0,LightSound,Day,arousal,0.02458191,-0.03749084,0.9989929,0.01347685,0.1841699,2.528275,2.5728,1,-0.007125854,-0.05679321,0.9983521,-0.03276277,0.1116489,2.396088,2.409302,1,6.493271,True,225
5.890717,15021843,19,0,LightSound,Day,arousal,0.02435303,-0.04159546,0.9988251,0.008802533,0.1823941,2.602112,2.614822,1,-0.01683044,-0.05915833,0.9980927,-0.03790587,0.1090528,2.514206,2.511414,1,6.398376,True,224
5.990723,15021843,19,0,LightSound,Day,arousal,0.0196228,-0.05143738,0.9984741,0.004524946,0.1821901,2.622269,2.633835,1,-0.02282715,-0.05682373,0.9981079,-0.04150879,0.1097019,2.528015,2.546417,1,6.354827,True,222
6.090729,15021843,19,0,LightSound,Day,arousal,-0.01329041,-0.04086304,0.9990692,-0.001706779,0.2017738,2.607285,2.580536,0.8317451,-0.004348755,-0.056427,0.9983826,-0.04072005,0.1275115,2.485275,2.393494,0.7372788,6.266231,True,222
6.190735,15021843,19,0,LightSound,Day,arousal,0.008422852,-0.05628967,0.9983673,-0.000546515,0.1878462,2.738922,2.590729,0.9841179,-0.01342773,-0.04406738,0.9989319,-0.04494876,0.1142957,2.549469,2.606842,0.899076,6.222598,True,219
6.290741,15021843,19,0,LightSound,Day,arousal,0.01574707,-0.05209351,0.9985046,-0.005349874,0.1800404,2.630646,2.623138,1,-0.0315094,-0.06660461,0.9972687,-0.04770333,0.1057817,2.42569,2.505753,1,6.139074,True,218
6.390717,15021843,19,0,LightSound,Day,arousal,0.001800537,-0.0567627,0.9983826,-0.005530119,0.180676,2.672409,2.673019,1,-0.01800537,-0.06340027,0.997818,-0.04682237,0.1062617,2.509171,2.526627,1,6.098845,True,216
6.490723,15021843,19,0,LightSound,Day,arousal,0.01533508,-0.04566956,0.9988251,0.002779841,0.1744134,2.706497,2.706207,1,-0.02342224,-0.072052,0.9971161,-0.04143888,0.100496,2.558624,2.541779,1,6.02093,True,215
6.590729,15021843,19,0,LightSound,Day,arousal,0.01737976,-0.05740356,0.9981995,0.003245234,0.1708194,2.697418,2.697067,1,-0.02180481,-0.07629395,0.9968414,-0.04133439,0.09783602,2.553711,2.531372,1,5.981793,True,213
6.690735,15021843,19,0,LightSound,Day,arousal,0.01419067,-0.06803894,0.9975739,0.001722097,0.1705974,2.656265,2.647995,1,-0.02008057,-0.07662964,0.9968414,-0.04211736,0.09714437,2.539246,2.52092,1,5.912284,True,212
6.790741,15021843,19,0,LightSound,Day,arousal,0.01751709,-0.06352234,0.997818,0.002101541,0.1716899,2.628845,2.604874,1,-0.0196991,-0.07733154,0.9967957,-0.04176843,0.09746355,2.494507,2.492599,1,5.87861,True,210
6.890717,15021843,19,0,LightSound,Day,arousal,0.02043152,-0.06451416,0.9976959,0.002696514,0.1709851,2.61145,2.610641,1,-0.01934814,-0.07951355,0.9966431,-0.04121214,0.09666681,2.467865,2.470123,1,5.81468,True,210
6.990723,15021843,19,0,LightSound,Day,arousal,0.01869202,-0.06730652,0.9975433,0.001024365,0.1720774,2.580017,2.586777,1,-0.02314758,-0.0803833,0.9964905,-0.04304099,0.09673256,2.489029,2.492142,1,5.784736,True,208
7.090729,15021843,19,0,LightSound,Day,arousal,0.01716614,-0.0634613,0.9978333,0.001061082,0.1719553,2.601303,2.593384,1,-0.02297974,-0.08007813,0.996521,-0.04299092,0.09712648,2.499329,2.508636,1,5.728849,True,207
7.190735,15021843,19,0,LightSound,Day,arousal,0.01641846,-0.06518555,0.9977264,0.000813365,0.1692758,2.605881,2.60585,1,-0.01937866,-0.08206177,0.9964294,-0.04273081,0.09547162,2.516998,2.512772,1,5.70278,True,205
7.290741,15021843,19,0,LightSound,Day,arousal,0.01142883,-0.07521057,0.9971008,0.0009192228,0.166648,2.636429,2.647079,1,-0.02043152,-0.08564758,0.996109,-0.04295951,0.09302217,2.530609,2.532898,1,5.655764,True,204
7.390717,15021843,19,0,LightSound,Day,arousal,0.01130676,-0.08135986,0.9966125,0.002752423,0.1648088,2.676559,2.684784,1,-0.02182007,-0.08622742,0.9960327,-0.04208571,0.09240282,2.540604,2.537643,1,5.63439,True,202
7.490723,15021843,19,0,LightSound,Day,arousal,0.02107239,-0.08218384,0.9963837,0.003164768,0.1629051,2.678391,2.668533,1,-0.02366638,-0.08920288,0.9957275,-0.04163468,0.09102392,2.520905,2.535126,1,5.596083,True,202
7.590729,15021843,19,0,LightSound,Day,arousal,0.01924133,-0.08300781,0.9963531,0.002530217,0.1628346,2.668533,2.669159,1,-0.02528381,-0.09005737,0.9956055,-0.04211289,0.09071761,2.534851,2.53479,1,5.579248,True,201
7.690735,15021843,19,0,LightSound,Day,arousal,0.01483154,-0.08326721,0.9964142,0.004471779,0.1629766,2.70018,2.700027,1,-0.02580261,-0.09034729,0.9955597,-0.04138601,0.09130484,2.517471,2.521103,1,5.550284,True,200
7.790741,15021843,19,0,LightSound,Day,arousal,0.02261353,-0.08314514,0.9962769,0.004218936,0.1627312,2.661346,2.665878,1,-0.02709961,-0.09114075,0.9954681,-0.04172128,0.09115267,2.506577,2.494553,1,5.538282,True,199
7.890717,15021843,19,0,LightSound,Day,arousal,0.01408386,-0.08590698,0.9962006,0.004388928,0.1609325,2.700226,2.69812,1,-0.02622986,-0.09298706,0.9953156,-0.04040891,0.08976918,2.524673,2.532318,1,5.518805,True,199
7.990723,15021843,19,0,LightSound,Day,arousal,0.01908875,-0.08615112,0.9960938,0.005969524,0.1603885,2.697189,2.689117,1,-0.01306152,-0.09046936,0.9958038,-0.03857118,0.0880878,2.597839,2.630447,1,5.512002,True,198
8.090729,15021843,19,0,LightSound,Day,arousal,0.01901245,-0.0940094,0.9953766,0.004750967,0.158262,2.688828,2.706863,1,-0.01530457,-0.0914917,0.9956818,-0.03937411,0.08671075,2.610809,2.615387,1,5.502689,True,198
8.190735,15021843,19,0,LightSound,Day,arousal,0.02146912,-0.09658813,0.9950867,0.004750967,0.1569905,2.740326,2.729904,1,-0.01464844,-0.09539795,0.9953156,-0.0394972,0.08493638,2.626938,2.620636,1,5.500527,True,198
8.290741,15021843,19,0,LightSound,Day,arousal,0.01350403,-0.1054535,0.9943237,0.006410241,0.1561609,2.723419,2.717941,1,-0.01373291,-0.09666443,0.9952087,-0.0384053,0.08523059,2.621475,2.621368,1,5.501189,True,199
8.390717,15021843,19,0,LightSound,Day,arousal,0.009170532,-0.1195221,0.9927826,0.003057837,0.1447264,2.739563,2.640182,1,-0.0231781,-0.1258087,0.9917755,-0.04391754,0.07032102,2.678131,2.505585,1,5.504018,True,199
8.490723,15021843,19,0,LightSound,Day,arousal,-0.07136536,-0.5565948,0.8276978,-0.03218949,-0.1066376,2.444656,2.448227,0.4543627,-0.08392334,-0.5168457,0.851944,-0.1308681,-0.177194,2.563675,2.392853,0.3696631,5.514631,True,199
8.590729,15021843,19,0,LightSound,Day,arousal,-0.06452942,-0.6163635,0.7848053,-0.03739923,-0.1389718,2.387741,2.387146,0.3690348,-0.0380249,-0.5498352,0.8343964,-0.1171881,-0.2021375,2.426453,2.454193,0.3252791,5.522811,True,200
8.690735,15021843,19,0,LightSound,Day,arousal,-0.06211853,-0.6133118,0.787384,-0.03909522,-0.1391428,2.330719,2.329071,0.4217753,-0.07524109,-0.5399628,0.8383026,-0.1135938,-0.2018274,2.432343,2.413483,0.5047365,5.542929,True,200
8.790741,15021843,19,0,LightSound,Day,arousal,-0.07058716,-0.60289,0.7946777,-0.04430312,-0.1375206,2.308792,2.309265,0.4402222,-0.07989502,-0.5391083,0.8384247,-0.1136926,-0.204354,2.299149,2.303253,0.4187563,5.555616,True,201
8.890717,15021843,19,0,LightSound,Day,arousal,-0.07888794,-0.6047821,0.7924652,-0.0472669,-0.1391259,2.222153,2.222122,0.4159526,-0.08073425,-0.5446625,0.8347473,-0.1140201,-0.2051281,2.277924,2.246292,0.4054499,5.585797,True,202
8.990723,15021843,19,0,LightSound,Day,arousal,-0.07870483,-0.5979004,0.7976837,-0.04709953,-0.1365576,2.208313,2.194092,0.4121865,-0.07873535,-0.5435944,0.8356323,-0.1136597,-0.2053639,2.21936,2.187866,0.4093567,5.603242,True,203
9.090729,15021843,19,0,LightSound,Day,arousal,-0.07801819,-0.6014709,0.7950592,-0.04679549,-0.1396492,2.131104,2.129166,0.3915664,-0.08329773,-0.5437622,0.835083,-0.1153134,-0.2075813,2.146103,2.138107,0.3994704,5.642834,True,203
9.190735,15021843,19,0,LightSound,Day,arousal,-0.07685852,-0.6011353,0.7954254,-0.04667801,-0.1402485,2.138916,2.169479,0.4163628,-0.07873535,-0.5465698,0.8336945,-0.1138982,-0.2090907,2.114639,2.114868,0.3952742,5.664873,True,205
9.290741,15021843,19,0,LightSound,Day,arousal,0.1442719,-0.5059509,0.8504028,0.1150268,-0.08952188,2.265152,2.289261,0.5437823,0.1480408,-0.503418,0.8512573,0.04732776,-0.1750133,2.173889,2.211197,0.3214406,5.713266,True,205
9.390717,15021843,19,0,LightSound,Day,arousal,0.1659241,-0.5140991,0.8415222,0.1187766,-0.09362781,2.328613,2.375015,0.5282757,0.1272888,-0.5005035,0.856308,0.0488553,-0.1739982,2.204224,2.20224,0.3416514,5.739593,True,207
9.490723,15021843,19,0,LightSound,Day,arousal,0.1660919,-0.5092163,0.8444519,0.1174949,-0.09263849,2.423248,2.423294,0.5239246,0.1317749,-0.4988708,0.8565826,0.05071676,-0.1737907,2.206894,2.22374,0.3417366,5.796595,True,208
9.590729,15021843,19,0,LightSound,Day,arousal,0.1640472,-0.5045624,0.847641,0.1170174,-0.09135771,2.365692,2.352951,0.503897,0.1444702,-0.4955444,0.8564758,0.05071676,-0.1731207,2.229279,2.23703,0.3192524,5.827041,True,209
9.690735,15021843,19,0,LightSound,Day,arousal,0.1626434,-0.5044861,0.8479462,0.1159127,-0.09081447,2.307892,2.284882,0.4912492,0.1483612,-0.49263,0.8574829,0.05101395,-0.1723192,2.235992,2.213867,0.3350907,5.891854,True,210
9.790741,15021843,19,0,LightSound,Day,arousal,0.1940918,-0.5086823,0.8387756,0.1381608,-0.08157635,2.203445,2.199646,0.5302135,0.1616974,-0.491272,0.8558502,0.07473123,-0.1619096,2.192307,2.196121,0.3457374,5.926201,True,212
9.890717,15021843,19,0,LightSound,Day,arousal,0.1958466,-0.5012512,0.8428345,0.1412705,-0.08108604,2.157349,2.165421,0.5532914,0.1689758,-0.4934082,0.8532104,0.07617724,-0.1633772,2.192764,2.188232,0.3860753,6.000284,True,213
9.990723,15021843,19,0,LightSound,Day,arousal,0.1992188,-0.499939,0.8428192,0.1409117,-0.08077848,2.131592,2.145233,0.5403529,0.1723785,-0.4905396,0.854187,0.07878125,-0.1638597,2.161789,2.127762,0.3783528,6.036134,True,215
10.09073,15021843,19,0,LightSound,Day,arousal,0.1928253,-0.487793,0.8513794,0.1415535,-0.07813632,2.195206,2.174088,0.5497839,0.1654968,-0.488678,0.8566132,0.07767856,-0.1631144,2.126572,2.127289,0.3588496,6.114747,False,216
10.19073,15021843,19,0,LightSound,Day,arousal,0.1916046,-0.4832611,0.8542328,0.1415933,-0.0775826,2.156738,2.067642,0.560738,0.1663208,-0.4905243,0.8553925,0.07782757,-0.1639786,2.127563,2.016159,0.3752941,6.155774,False,218
10.29074,15021843,19,0,LightSound,Day,arousal,0.2159882,-0.5036469,0.8364563,0.1537656,-0.08277929,2.046295,2.046341,0.5830263,0.1873627,-0.4963531,0.847641,0.08850002,-0.1663492,2.057236,2.045471,0.4028733,6.240146,False,219
10.39072,15021843,19,0,LightSound,Day,arousal,0.2137604,-0.5093536,0.8335724,0.1536136,-0.08418286,2.021271,2.021011,0.5636073,0.1928406,-0.4950714,0.847168,0.09054947,-0.1664211,2.032867,2.028397,0.3772665,6.283599,False,221
10.49072,15021843,19,0,LightSound,Day,arousal,0.2121124,-0.5027008,0.8380127,0.1529387,-0.08330333,2.014969,2.035049,0.5616319,0.1929169,-0.4965668,0.8462677,0.09043026,-0.1681056,1.98793,1.990433,0.3783749,6.372961,False,222
10.59073,15021843,19,0,LightSound,Day,arousal,0.2085114,-0.4998016,0.8406525,0.1522945,-0.08291662,2.034378,2.027084,0.5620862,0.1905823,-0.5014954,0.8439026,0.08991146,-0.170023,1.963516,1.962524,0.3915018,6.420611,False,224
10.69073,15021843,19,0,LightSound,Day,arousal,0.2060852,-0.4937134,0.8448334,0.1525612,-0.08292246,2.031219,2.030792,0.5641931,0.1919556,-0.5019226,0.8433228,0.09065843,-0.17118,1.980652,1.980743,0.387967,6.512097,False,224
10.79074,15021843,19,0,LightSound,Day,arousal,0.2048492,-0.5001831,0.8413239,0.151354,-0.08385813,2.018326,2.018188,0.5544664,0.188797,-0.5076447,0.8406067,0.08957529,-0.1748824,1.970016,1.941498,0.3730082,6.559498,False,226
10.89072,15021843,19,0,LightSound,Day,arousal,0.2012787,-0.5015106,0.8414001,0.1498899,-0.08391678,2.027496,2.050766,0.5478058,0.1830444,-0.5150299,0.8373871,0.08913219,-0.1765695,1.90799,1.907974,0.3692812,6.656507,False,227
10.99072,15021843,19,0,LightSound,Day,arousal,0.2076111,-0.5108185,0.8342285,0.1454555,-0.08600914,2.052383,2.079575,0.5489888,0.1759949,-0.5167999,0.8378143,0.08698797,-0.1771827,1.903748,1.924423,0.3538146,6.70472,False,229
11.09073,15021843,19,0,LightSound,Day,arousal,0.2129211,-0.4995117,0.8397217,0.1468511,-0.08177185,2.090515,2.097748,0.5156648,0.1706238,-0.5092773,0.8435059,0.08236957,-0.1740054,1.991791,1.979858,0.3328297,6.803504,False,230
11.19073,15021843,19,0,LightSound,Day,arousal,0.2090607,-0.5012817,0.8396301,0.1458417,-0.08282375,2.127899,2.122345,0.5024511,0.1599579,-0.5197144,0.8392181,0.07957149,-0.1784424,1.900223,1.891571,0.3252,6.853275,False,231
11.29074,15021843,19,0,LightSound,Day,arousal,0.2088928,-0.4967651,0.8423615,0.1459483,-0.08419633,2.126556,2.17421,0.4916582,0.1538849,-0.5253754,0.8368225,0.07617199,-0.1824356,1.805817,1.805588,0.2962399,6.95284,False,232
11.39072,15021843,19,0,LightSound,Day,arousal,0.2123718,-0.5039673,0.8371887,0.1465292,-0.08382785,2.191711,2.137665,0.4396704,0.1510162,-0.5270386,0.8363037,0.07564414,-0.183207,1.806595,1.80957,0.2602836,7.002591,False,233
11.49072,15021843,19,0,LightSound,Day,arousal,0.2147675,-0.4990082,0.8395538,0.1478659,-0.08206415,2.112793,2.18161,0.4272409,0.2142944,-0.5394897,0.8142548,0.07595026,-0.1825742,1.843689,1.843597,0.2539093,7.102601,False,234
11.59073,15021843,19,0,LightSound,Day,arousal,0.2025299,-0.4936829,0.8457184,0.147294,-0.0806309,2.177979,2.185135,0.4268856,0.1687775,-0.5315399,0.8300323,0.0761342,-0.1823703,1.813736,1.781555,0.282902,7.152314,False,235
11.69073,15021843,19,0,LightSound,Day,arousal,0.2027588,-0.4926453,0.8462677,0.1471922,-0.08098054,2.190689,2.190277,0.4447543,0.1699829,-0.5250854,0.8338928,0.07622564,-0.1841296,1.791275,1.791321,0.2781736,7.251407,False,235
11.79074,15021843,19,0,LightSound,Day,arousal,0.04420471,-0.3351593,0.9411163,0.04505873,0.03450274,2.244949,1.854782,0.4674944,0.05705261,-0.3435364,0.9373932,-0.02235639,-0.05265248,2.034027,2.030273,0.3398606,7.300404,False,236
11.89072,15021843,19,0,LightSound,Day,arousal,-0.00402832,-0.05557251,0.9984436,0.003040195,0.1897539,2.113388,2.058502,0.8492106,-0.04217529,-0.05569458,0.9975433,-0.06064206,0.1205118,1.967606,2.068695,0.9574438,7.400329,False,237
11.99072,15021843,19,0,LightSound,Day,arousal,0.005386353,-0.05177307,0.998642,-0.00158447,0.1868463,2.022049,2.090729,1,-0.03384399,-0.05853271,0.9976959,-0.05472976,0.1169557,2.002518,1.94957,1,7.445715,False,237
12.09073,15021843,19,0,LightSound,Day,arousal,0.001647949,-0.04492188,0.9989777,-0.004607558,0.1859387,2.038651,2.039612,1,-0.03060913,-0.04022217,0.9987183,-0.0564118,0.117664,2.006821,2.015167,1,7.540009,False,238
12.19073,15021843,19,0,LightSound,Day,arousal,-0.01333618,-0.04414368,0.9989319,-0.003914773,0.1864215,2.046387,2.056229,1,-0.02244568,-0.0413208,0.9988861,-0.05348068,0.1169706,1.986023,1.985611,1,7.586252,False,239
12.29074,15021843,19,0,LightSound,Day,arousal,-0.01289368,-0.04258728,0.9990082,-0.004246354,0.1860979,2.038467,2.02356,1,-0.02490234,-0.04330444,0.9987488,-0.05402082,0.1164473,1.974548,1.972778,1,7.676926,False,239
12.39072,15021843,19,0,LightSound,Day,arousal,-0.01020813,-0.0402832,0.9991302,-0.00462687,0.1858893,2.013733,2.007523,1,-0.02790833,-0.0458374,0.9985504,-0.05538577,0.1158875,1.967621,1.96254,1,7.72119,False,239
12.49072,15021843,19,0,LightSound,Day,arousal,-0.009750366,-0.04174805,0.9990692,-0.004847348,0.1854046,1.986679,1.984909,1,-0.02641296,-0.05053711,0.9983673,-0.0551216,0.114854,1.945602,1.944824,1,7.807109,False,239
12.59073,15021843,19,0,LightSound,Day,arousal,-0.005752563,-0.03997803,0.999176,-0.003847659,0.1848428,1.993332,1.998016,1,-0.02127075,-0.0506134,0.9984894,-0.05372864,0.1140022,1.934799,1.92688,1,7.85024,False,240
12.69073,15021843,19,0,LightSound,Day,arousal,-0.005905151,-0.04391479,0.9990082,-0.003244877,0.1834535,1.996338,1.995499,1,-0.02706909,-0.05541992,0.9980927,-0.05262274,0.1134441,1.919449,1.929245,1,7.9292,False,240
12.79074,15021843,19,0,LightSound,Day,arousal,-0.001098633,-0.0438385,0.9990234,-0.0005019903,0.1827421,2.049866,2.06041,1,-0.02494812,-0.05328369,0.9982605,-0.05068815,0.1124635,1.945206,1.942154,1,7.967866,False,240
12.89072,15021843,19,0,LightSound,Day,arousal,0.006271362,-0.05302429,0.9985657,0.0003476143,0.1784129,2.075912,2.089554,1,-0.02311707,-0.05210876,0.9983673,-0.04923952,0.1113095,1.978134,1.980896,1,8.042155,False,241
12.99072,15021843,19,0,LightSound,Day,arousal,0.006408691,-0.05215454,0.9986115,0.0006093979,0.1769823,2.101196,2.101105,1,-0.02450562,-0.05445862,0.9981995,-0.04781175,0.1085947,2.008438,2.012512,1,8.077458,False,241
13.09073,15021843,19,0,LightSound,Day,arousal,0.008300781,-0.05535889,0.9984283,0.001469612,0.1756638,2.085968,2.084717,1,-0.02244568,-0.05595398,0.9981689,-0.04640526,0.1077439,1.990692,1.980423,1,8.144571,False,241
13.19073,15021843,19,0,LightSound,Day,arousal,0.0003051758,-0.05560303,0.9984436,0.001509905,0.1753955,2.081039,2.068436,1,-0.02253723,-0.05661011,0.9981384,-0.04568177,0.1063843,1.981018,1.980743,1,8.176267,False,241
13.29074,15021843,19,0,LightSound,Day,arousal,0.01251221,-0.04951477,0.9986877,0.003875852,0.174602,2.038513,1.981857,1,-0.0222168,-0.05529785,0.9982147,-0.04502845,0.1063605,1.94574,1.97908,1,8.235544,False,241
13.39072,15021843,19,0,LightSound,Day,arousal,-0.04420471,-0.2104645,0.976593,-0.02313858,0.1050985,2.073013,2.064468,0.8088099,-0.06733704,-0.208786,0.9756317,-0.08597791,0.0300203,1.991837,2.097443,0.7423038,8.263161,False,242
13.49072,15021843,19,0,LightSound,Day,arousal,-0.009368896,-0.5076599,0.861496,0.002677202,-0.061782,2.055801,2.085007,0.3936512,-0.0275116,-0.4665222,0.884079,-0.07128632,-0.1306088,1.91954,1.993851,0.3080995,8.314333,False,242
13.59073,15021843,19,0,LightSound,Day,arousal,-0.02563477,-0.4732666,0.8805389,-0.0001775622,-0.05653632,2.157547,1.835815,0.4956173,-0.01390076,-0.4380646,0.898819,-0.0629651,-0.1296483,2.001373,2.069443,0.4756767,8.337564,False,242
13.69073,15021843,19,0,LightSound,Day,arousal,0.0001678467,-0.494751,0.8690186,0.002710104,-0.06521606,1.990356,1.99028,0.5133987,-0.01435852,-0.4383698,0.8986664,-0.06023246,-0.129562,2.073883,2.07933,0.5542912,8.379729,False,242
13.79074,15021843,19,0,LightSound,Day,arousal,0.001098633,-0.4927216,0.8701782,0.002710104,-0.06443846,1.989929,2.013062,0.5338681,-0.01780701,-0.4403076,0.8976593,-0.06003648,-0.1294668,2.102692,2.108887,0.5115361,8.398655,False,242
13.89072,15021843,19,0,LightSound,Day,arousal,0.00491333,-0.492981,0.8700104,0.002676368,-0.06347048,2.012833,2.008545,0.5287173,-0.01824951,-0.4394684,0.898056,-0.05947846,-0.1307185,2.084427,2.051208,0.5086414,8.432336,False,242
13.99072,15021843,19,0,LightSound,Day,arousal,0.003494263,-0.4918518,0.8706512,0.002164364,-0.06296039,2.007919,2.008011,0.5321183,-0.01924133,-0.4416809,0.8969574,-0.05978006,-0.1316392,2.043396,2.04361,0.5250651,8.445786,False,243
14.09073,15021843,19,0,LightSound,Day,arousal,0.004516602,-0.4984131,0.8669128,0.002570748,-0.06600118,1.935211,1.885071,0.511981,-0.0196228,-0.4477234,0.8939514,-0.06000853,-0.1339961,1.975601,1.975006,0.5101796,8.469192,False,243
14.19073,15021843,19,0,LightSound,Day,arousal,0.01591492,-0.5199585,0.8540344,0.005004764,-0.07383299,1.789429,1.776215,0.5137974,-0.01754761,-0.4502869,0.8927002,-0.05964959,-0.1357111,1.943436,1.943466,0.5072978,8.478484,False,243
14.29074,15021843,19,0,LightSound,Day,arousal,0.0148468,-0.5106506,0.8596497,0.00536716,-0.07062244,1.784195,1.86821,0.516932,-0.01676941,-0.4481506,0.8937836,-0.05923784,-0.1351165,2.006317,2.006439,0.4755915,8.492043,False,243
14.39072,15021843,19,0,LightSound,Day,arousal,-0.0003662109,-0.489624,0.8719177,-0.001455307,-0.06317747,2.032974,2.034683,0.4871164,-0.01896667,-0.4453735,0.8951263,-0.05996567,-0.1343014,2.030777,2.030731,0.5330518,8.496357,False,243
14.49072,15021843,19,0,LightSound,Day,arousal,0,-0.4879456,0.8728638,-0.001242518,-0.06337082,2.067368,2.069153,0.5019401,-0.0171051,-0.4419403,0.8968811,-0.05967391,-0.133725,2.044556,2.044556,0.5060441,8.499992,False,243
14.59073,15021843,19,0,LightSound,Day,arousal,0.1009827,-0.595993,0.7966003,0.05901349,-0.08680928,1.357224,-1,0.2696187,0,0,0,-0.003428817,-0.1069674,-1,-1,0.2246989,8.499241,False,243
14.69073,15021843,19,0,LightSound,Day,arousal,0,0,0,0.03212512,-0.1402489,-1,-1,0.1674665,0,0,0,-0.007830977,-0.1435269,-1,-1,0.0342883,8.492981,False,243
14.79074,15021843,19,0,LightSound,Day,arousal,0.2941742,-0.3203583,0.9004517,0.1877607,0.03237689,2.177444,2.150223,0.6663865,0.2761536,-0.3071136,0.9107056,0.1298198,-0.04329717,1.954437,1.941284,0.4864378,8.487308,False,243
14.89072,15021843,19,0,LightSound,Day,arousal,0.2707062,-0.306778,0.9124603,0.182089,0.02989763,2.294952,2.243057,0.7708648,0.2773132,-0.3023071,0.911972,0.1320595,-0.04651904,2.104141,2.067291,0.5961745,8.471015,False,243
14.99072,15021843,19,0,LightSound,Day,arousal,0.276413,-0.3144836,0.9081116,0.1841067,0.02999234,2.242523,2.242538,0.7591498,0.2835236,-0.3218384,0.9033356,0.1348132,-0.04901838,2.089355,2.083328,0.69638,8.460462,False,243
15.09073,15021843,19,0,LightSound,Day,arousal,0.2778168,-0.3176422,0.9065857,0.1846243,0.02902484,2.183304,2.154648,0.7565375,0.2826691,-0.2974854,0.911911,0.1341735,-0.04838872,2.040604,2.016403,0.6111782,8.434453,False,243
15.19073,15021843,19,0,LightSound,Day,arousal,0.2834778,-0.3200531,0.9039764,0.1866281,0.02685362,2.043335,2.022934,0.7692636,0.2800598,-0.2948456,0.9135742,0.133754,-0.0490967,1.975235,1.974258,0.6279485,8.418941,False,242
15.29074,15021843,19,0,LightSound,Day,arousal,0.2817535,-0.3202057,0.9044647,0.1867012,0.02681535,2.022781,2.020966,0.7775097,0.2826996,-0.2930756,0.9133301,0.1344056,-0.04927278,1.897171,1.896683,0.6134198,8.383535,False,242
15.39072,15021843,19,0,LightSound,Day,arousal,0.2826538,-0.32547,0.902298,0.1866125,0.02480245,1.997879,1.992172,0.7706554,0.2844696,-0.2962799,0.9117432,0.1347479,-0.05112684,1.896378,1.896362,0.5938127,8.363477,False,242
15.49072,15021843,19,0,LightSound,Day,arousal,0.2876129,-0.3043365,0.9080963,0.1859039,0.02388442,2.003479,2.019211,0.7534626,0.2878265,-0.2988892,0.9098358,0.1357766,-0.05273962,1.911865,1.944611,0.5848,8.318797,False,242
15.59073,15021843,19,0,LightSound,Day,arousal,0.288681,-0.3088379,0.9062347,0.1866586,0.02371836,2.005768,2.002426,0.7665645,0.2848206,-0.3016663,0.9098663,0.1355672,-0.05386639,1.957947,1.971558,0.5940208,8.294113,False,242
15.69073,15021843,19,0,LightSound,Day,arousal,0.2818756,-0.3269501,0.9020081,0.1872509,0.02394015,2.025665,2.033905,0.7726036,0.2798309,-0.2999725,0.911972,0.1337688,-0.05374241,1.99147,1.991714,0.6048308,8.24088,False,242
15.79074,15021843,19,0,LightSound,Day,arousal,0.2818146,-0.3231049,0.9034119,0.1873291,0.02502608,2.032211,2.039139,0.7608944,0.2773895,-0.3014526,0.9122314,0.1337165,-0.05427289,1.990845,1.991028,0.6165552,8.212138,False,241
15.89072,15021843,19,0,LightSound,Day,arousal,0.2917023,-0.3090515,0.9051971,0.1879464,0.02358294,2.039825,2.035828,0.7557415,0.2765198,-0.3048401,0.9113617,0.1335756,-0.05577374,1.999832,2.000641,0.6348038,8.149115,False,241
15.99072,15021843,19,0,LightSound,Day,arousal,0.2892761,-0.3100433,0.9056396,0.1872954,0.0225842,2.004684,2.0047,0.7711999,0.2774963,-0.3072052,0.9102631,0.1336125,-0.05610752,1.994568,1.994385,0.6877909,8.117498,False,241
16.09073,15021843,19,0,LightSound,Day,arousal,0.2786255,-0.3284302,0.9024811,0.1869332,0.02314705,2.028656,2.036499,0.8138574,0.2797546,-0.3113708,0.9081573,0.133755,-0.0567925,2.008057,2.003937,0.8217273,8.048622,False,241
16.19073,15021843,19,0,LightSound,Day,arousal,0.2891541,-0.3010712,0.9086914,0.1878082,0.02273071,2.034698,2.033447,0.7547933,0.2805786,-0.3134766,0.907196,0.133611,-0.05700493,2.003983,2.002594,0.6853995,8.012404,False,241
16.29074,15021843,19,0,LightSound,Day,arousal,0.2868958,-0.2974396,0.9105988,0.1867846,0.02249926,2.014893,2.027679,0.7471083,0.2802582,-0.3156281,0.9065399,0.1333615,-0.05777144,2.031509,2.03627,0.6644436,7.936549,False,240
16.39072,15021843,19,0,LightSound,Day,arousal,0.2893066,-0.2987366,0.9094086,0.1878266,0.02182448,2.046555,2.060196,0.7553301,0.2786713,-0.3178406,0.90625,0.1333615,-0.0583626,2.065979,2.070282,0.6575537,7.896989,False,240
16.49072,15021843,19,0,LightSound,Day,arousal,0.2928619,-0.3049011,0.9062195,0.1881863,0.02032036,2.079666,2.084259,0.7670808,0.2785187,-0.3163147,0.9068451,0.133296,-0.05828691,2.113037,2.119614,0.6693987,7.815099,False,240
16.59073,15021843,19,0,LightSound,Day,arousal,0.2886047,-0.3227081,0.901413,0.1885406,0.01990098,2.096573,2.097031,0.7656081,0.2804413,-0.3145599,0.9068604,0.1341118,-0.05838573,2.128021,2.12796,0.6688493,7.770689,False,239
16.69073,15021843,19,0,LightSound,Day,arousal,0.1490021,-0.4799805,0.8645172,0.1118889,-0.06371903,2.069275,1.871811,0.5502173,0.1390228,-0.4287872,0.8926392,0.03739965,-0.1423225,2.084045,2.078796,0.5725515,7.685124,False,239
16.79074,15021843,19,0,LightSound,Day,arousal,0,0,0,0.08884418,-0.1807591,-1,-1,0.1820391,0.2038574,0.3443146,0.9164429,-0.02696639,-0.2317711,2.024582,1.763657,0.06613596,7.640428,False,239
16.89072,15021843,19,0,LightSound,Day,arousal,0,0,0,0.0874387,-0.1862122,-1,-1,0.1958233,0.02600098,-0.6265717,0.7789154,-0.03024918,-0.2461621,1.912857,1.910446,0.1040895,7.548689,False,239
16.99072,15021843,19,0,LightSound,Day,arousal,0,0,0,0.08732212,-0.186005,-1,-1,0.2263176,0.02900696,-0.06988525,0.9971313,-0.02731055,-0.2442242,1.924103,1.944016,0.03150091,7.501913,False,238
